{"stats":{"minecraft:dropped":{"minecraft:end_stone":1},"minecraft:custom":{"minecraft:time_since_rest":26022,"minecraft:open_chest":1,"minecraft:play_one_minute":37031,"minecraft:sprint_one_cm":3849,"minecraft:walk_one_cm":1646,"minecraft:sneak_time":1960,"minecraft:walk_under_water_one_cm":440,"minecraft:interact_with_anvil":1,"minecraft:drop":1,"minecraft:jump":40,"minecraft:leave_game":2,"minecraft:time_since_death":37029,"minecraft:walk_on_water_one_cm":6744,"minecraft:sleep_in_bed":1,"minecraft:tune_noteblock":9,"minecraft:fly_one_cm":838672},"minecraft:picked_up":{"minecraft:pink_concrete":12,"minecraft:light_blue_concrete_powder":7,"minecraft:light_gray_concrete":12,"minecraft:light_blue_concrete":6,"minecraft:lime_concrete":6,"minecraft:pink_concrete_powder":65},"minecraft:used":{"minecraft:water_bucket":1,"minecraft:smooth_quartz_stairs":2,"minecraft:glass":3,"minecraft:pink_bed":1,"minecraft:dragon_egg":13,"minecraft:honey_block":4,"minecraft:sand":12,"minecraft:red_sand":4,"minecraft:light_blue_concrete_powder":12,"minecraft:light_gray_concrete_powder":6,"minecraft:lime_concrete_powder":12,"minecraft:chest":14,"minecraft:pink_concrete_powder":12,"minecraft:end_stone":34,"minecraft:anvil":12}},"DataVersion":2586}