{"stats":{"minecraft:dropped":{"minecraft:birch_sign":1,"minecraft:observer":1,"minecraft:pink_bed":1,"minecraft:repeater":1,"minecraft:obsidian":1},"minecraft:picked_up":{"minecraft:piston":1},"minecraft:used":{"minecraft:water_bucket":1,"minecraft:sticky_piston":3,"minecraft:pink_bed":1,"minecraft:piston":2,"minecraft:repeater":4,"minecraft:dropper":2,"minecraft:slime_block":2,"minecraft:birch_sign":2,"minecraft:white_stained_glass":8,"minecraft:redstone_block":2,"minecraft:observer":4,"minecraft:obsidian":5},"minecraft:custom":{"minecraft:time_since_rest":85,"minecraft:play_one_minute":15941,"minecraft:inspect_dropper":1,"minecraft:sprint_one_cm":37,"minecraft:walk_one_cm":1781,"minecraft:deaths":1,"minecraft:sneak_time":897,"minecraft:walk_under_water_one_cm":75,"minecraft:drop":5,"minecraft:jump":9,"minecraft:leave_game":1,"minecraft:walk_on_water_one_cm":583,"minecraft:time_since_death":7355,"minecraft:sleep_in_bed":1,"minecraft:fly_one_cm":285840}},"DataVersion":2586}