{"stats":{"minecraft:dropped":{"minecraft:gravel":9,"minecraft:anvil":110,"minecraft:obsidian":1,"minecraft:slime_block":1,"minecraft:end_stone":1,"minecraft:dragon_egg":27,"minecraft:sand":1,"minecraft:red_sand":31,"minecraft:smooth_stone":4,"minecraft:redstone_block":1,"minecraft:pink_concrete_powder":12},"minecraft:used":{"minecraft:water_bucket":4,"minecraft:damaged_anvil":3,"minecraft:red_sand":10,"minecraft:pink_glazed_terracotta":90,"minecraft:dropper":9,"minecraft:cut_red_sandstone_slab":2,"minecraft:redstone":164,"minecraft:powered_rail":23,"minecraft:oak_sign":6,"minecraft:chest":12,"minecraft:redstone_block":195,"minecraft:end_stone_brick_slab":1,"minecraft:beacon":1,"minecraft:oak_leaves":16,"minecraft:pink_concrete":2,"minecraft:dragon_egg":965,"minecraft:sand":47,"minecraft:anvil":274,"minecraft:comparator":6,"minecraft:hopper":21,"minecraft:birch_sign":5,"minecraft:blue_ice":13,"minecraft:shulker_box":8,"minecraft:white_bed":5,"minecraft:note_block":105,"minecraft:stone_brick_wall":8,"minecraft:end_stone":44,"minecraft:obsidian":19,"minecraft:redstone_torch":88,"minecraft:sticky_piston":176,"minecraft:glass":19,"minecraft:piston":115,"minecraft:lever":9,"minecraft:honey_block":60,"minecraft:activator_rail":3,"minecraft:chipped_anvil":3,"minecraft:slime_block":245,"minecraft:pig_spawn_egg":5,"minecraft:hopper_minecart":7,"minecraft:gravel":11,"minecraft:pink_bed":1,"minecraft:repeater":100,"minecraft:redstone_lamp":6,"minecraft:bow":80,"minecraft:iron_trapdoor":19,"minecraft:scaffolding":28,"minecraft:furnace":1,"minecraft:white_stained_glass":97,"minecraft:crimson_door":4,"minecraft:pink_stained_glass":111,"minecraft:smooth_stone_slab":313,"minecraft:oak_boat":5,"minecraft:sea_pickle":12,"minecraft:pink_concrete_powder":47,"minecraft:stripped_oak_log":9,"minecraft:observer":583,"minecraft:smooth_stone":488,"minecraft:splash_potion":5},"minecraft:picked_up":{"minecraft:anvil":2526,"minecraft:pink_concrete_powder":316,"minecraft:glass":1,"minecraft:chipped_anvil":9,"minecraft:red_sand":35,"minecraft:smooth_stone":1,"minecraft:redstone_torch":2,"minecraft:pink_carpet":60,"minecraft:gravel":9,"minecraft:porkchop":17,"minecraft:sand":150,"minecraft:redstone":3,"minecraft:dragon_egg":11570,"minecraft:damaged_anvil":9},"minecraft:custom":{"minecraft:interact_with_furnace":2,"minecraft:inspect_dropper":25,"minecraft:interact_with_anvil":7,"minecraft:mob_kills":9,"minecraft:inspect_hopper":14,"minecraft:tune_noteblock":446,"minecraft:play_one_minute":916974,"minecraft:open_shulker_box":9,"minecraft:leave_game":24,"minecraft:time_since_death":916942,"minecraft:sleep_in_bed":2,"minecraft:climb_one_cm":7,"minecraft:time_since_rest":25011,"minecraft:sprint_one_cm":12635,"minecraft:walk_one_cm":425956,"minecraft:drop":40,"minecraft:interact_with_beacon":2,"minecraft:fly_one_cm":2495947,"minecraft:open_chest":5,"minecraft:crouch_one_cm":18428,"minecraft:sneak_time":41106,"minecraft:walk_under_water_one_cm":1055,"minecraft:boat_one_cm":4619,"minecraft:jump":408,"minecraft:walk_on_water_one_cm":12569,"minecraft:inspect_dispenser":1},"minecraft:killed":{"minecraft:pig":8,"minecraft:ender_dragon":1}},"DataVersion":2586}