{"stats":{"minecraft:used":{"minecraft:oak_trapdoor":95,"minecraft:oak_fence":7,"minecraft:jungle_leaves":45,"minecraft:nether_brick_fence":15,"minecraft:jack_o_lantern":1,"minecraft:orange_concrete_powder":6,"minecraft:netherite_sword":2,"minecraft:enchanting_table":3,"minecraft:red_sand":42,"minecraft:carved_pumpkin":2,"minecraft:red_concrete":10,"minecraft:dispenser":11,"minecraft:redstone":284,"minecraft:oak_sign":3,"minecraft:white_concrete_powder":4,"minecraft:chest":59,"minecraft:quartz_stairs":48,"minecraft:stripped_birch_wood":12,"minecraft:bell":2,"minecraft:oak_door":30,"minecraft:spruce_leaves":3,"minecraft:end_stone_brick_wall":43,"minecraft:dragon_egg":244,"minecraft:dirt":5,"minecraft:anvil":695,"minecraft:target":27,"minecraft:hopper":23,"minecraft:pink_carpet":6,"minecraft:oak_fence_gate":12,"minecraft:obsidian":338,"minecraft:shroomlight":5,"minecraft:glass":153,"minecraft:packed_ice":2,"minecraft:honey_block":102,"minecraft:lava_bucket":1,"minecraft:chipped_anvil":2,"minecraft:quartz_slab":14,"minecraft:grass_block":9,"minecraft:slime_block":303,"minecraft:gray_concrete_powder":17,"minecraft:yellow_concrete_powder":7,"minecraft:bedrock":39,"minecraft:birch_trapdoor":68,"minecraft:tripwire_hook":43,"minecraft:repeater":135,"minecraft:glowstone":195,"minecraft:redstone_lamp":2,"minecraft:iron_trapdoor":14,"minecraft:scaffolding":113,"minecraft:furnace":1,"minecraft:white_stained_glass_pane":10,"minecraft:podzol":5,"minecraft:minecart":1,"minecraft:cyan_concrete_powder":3,"minecraft:trapped_chest":11,"minecraft:skeleton_skull":7,"minecraft:pink_concrete_powder":102,"minecraft:end_stone_brick_stairs":64,"minecraft:observer":1225,"minecraft:brown_concrete_powder":3,"minecraft:water_bucket":76,"minecraft:end_rod":9,"minecraft:end_stone_bricks":25,"minecraft:dropper":22,"minecraft:stripped_birch_log":5,"minecraft:birch_leaves":65,"minecraft:powered_rail":71,"minecraft:lime_concrete_powder":57,"minecraft:redstone_block":456,"minecraft:blue_concrete_powder":3,"minecraft:spruce_sign":1,"minecraft:cauldron":5,"minecraft:red_glazed_terracotta":69,"minecraft:smooth_quartz_stairs":4,"minecraft:oak_leaves":4,"minecraft:white_wool":37,"minecraft:sand":768,"minecraft:purpur_stairs":11,"minecraft:comparator":5,"minecraft:tnt":4,"minecraft:red_mushroom":2,"minecraft:birch_sign":86,"minecraft:blast_furnace":1,"minecraft:blue_ice":45,"minecraft:campfire":1,"minecraft:sponge":1,"minecraft:light_gray_concrete_powder":17,"minecraft:note_block":288,"minecraft:stone_brick_wall":99,"minecraft:gray_concrete":19,"minecraft:black_concrete_powder":2,"minecraft:end_stone":40,"minecraft:smoker":1,"minecraft:purple_concrete_powder":11,"minecraft:birch_fence":1,"minecraft:redstone_torch":28,"minecraft:sticky_piston":454,"minecraft:dead_fire_coral_fan":4,"minecraft:piston":317,"minecraft:lever":47,"minecraft:ender_eye":15,"minecraft:diamond_shovel":1,"minecraft:birch_fence_gate":126,"minecraft:string":26,"minecraft:stone_button":62,"minecraft:detector_rail":1,"minecraft:white_glazed_terracotta":3,"minecraft:magenta_concrete_powder":6,"minecraft:iron_door":9,"minecraft:pink_bed":12,"minecraft:light_blue_concrete_powder":76,"minecraft:red_concrete_powder":485,"minecraft:grindstone":19,"minecraft:white_stained_glass":1070,"minecraft:green_concrete_powder":3,"minecraft:bucket":35,"minecraft:glass_pane":93,"minecraft:smooth_stone_slab":412,"minecraft:end_portal_frame":19,"minecraft:smooth_stone":1101,"minecraft:bone_meal":3,"minecraft:gray_stained_glass":1},"minecraft:dropped":{"minecraft:porkchop":9,"minecraft:piston":2,"minecraft:red_concrete_powder":43,"minecraft:birch_leaves":1,"minecraft:tnt":1,"minecraft:minecart":1,"minecraft:lime_concrete_powder":1,"minecraft:stripped_birch_wood":1,"minecraft:lead":1,"minecraft:observer":3,"minecraft:leather":2,"minecraft:light_blue_concrete_powder":152,"minecraft:bedrock":1,"minecraft:purpur_stairs":1,"minecraft:grass_block":1,"minecraft:stick":5,"minecraft:end_rod":2,"minecraft:gray_concrete":6,"minecraft:stone_button":7,"minecraft:repeater":1,"minecraft:orange_concrete_powder":1,"minecraft:sand":29,"minecraft:cactus":1,"minecraft:smooth_stone":9,"minecraft:white_wool":2,"minecraft:redstone_block":6,"minecraft:redstone":51,"minecraft:note_block":10,"minecraft:anvil":69,"minecraft:gray_stained_glass":1,"minecraft:lever":1,"minecraft:oak_trapdoor":1,"minecraft:pink_bed":1,"minecraft:detector_rail":1,"minecraft:smooth_stone_slab":4,"minecraft:sticky_piston":1,"minecraft:obsidian":7,"minecraft:slime_block":2,"minecraft:end_stone":1,"minecraft:damaged_anvil":1,"minecraft:oak_fence_gate":2,"minecraft:end_stone_brick_stairs":2,"minecraft:dragon_egg":27,"minecraft:honey_block":2,"minecraft:hopper":2,"minecraft:glowstone":1,"minecraft:stone_brick_wall":2,"minecraft:chest":3,"minecraft:redstone_torch":1,"minecraft:birch_sign":8,"minecraft:gray_concrete_powder":2,"minecraft:red_sand":57,"minecraft:glass":1,"minecraft:scaffolding":1,"minecraft:green_concrete_powder":1,"minecraft:white_concrete_powder":1,"minecraft:white_stained_glass":15,"minecraft:light_gray_concrete_powder":1,"minecraft:pink_concrete_powder":9},"minecraft:custom":{"minecraft:inspect_dropper":9,"minecraft:interact_with_anvil":11,"minecraft:mob_kills":3,"minecraft:inspect_hopper":5,"minecraft:fill_cauldron":5,"minecraft:bell_ring":1,"minecraft:leave_game":56,"minecraft:time_since_death":740020,"minecraft:climb_one_cm":5653,"minecraft:sprint_one_cm":57549,"minecraft:walk_one_cm":3065001,"minecraft:drop":226,"minecraft:deaths":7,"minecraft:sneak_time":110521,"minecraft:walk_under_water_one_cm":49035,"minecraft:jump":1119,"minecraft:walk_on_water_one_cm":312330,"minecraft:interact_with_furnace":1,"minecraft:tune_noteblock":265,"minecraft:play_one_minute":3105095,"minecraft:interact_with_grindstone":1,"minecraft:sleep_in_bed":5,"minecraft:time_since_rest":233155,"minecraft:damage_dealt":200,"minecraft:fly_one_cm":49452247,"minecraft:open_chest":2,"minecraft:crouch_one_cm":7207,"minecraft:inspect_dispenser":14},"minecraft:picked_up":{"minecraft:light_blue_concrete":682,"minecraft:redstone_block":4,"minecraft:anvil":80,"minecraft:lead":1,"minecraft:string":3,"minecraft:sticky_piston":2,"minecraft:white_stained_glass":4,"minecraft:orange_concrete_powder":71,"minecraft:red_sand":56,"minecraft:smooth_stone":3,"minecraft:redstone_torch":2,"minecraft:piston":2,"minecraft:magenta_concrete_powder":22,"minecraft:oak_door":1,"minecraft:note_block":1,"minecraft:porkchop":9,"minecraft:stone_button":2,"minecraft:brown_concrete_powder":24,"minecraft:redstone":58,"minecraft:yellow_concrete_powder":67,"minecraft:blue_concrete_powder":21,"minecraft:lime_concrete_powder":88,"minecraft:repeater":7,"minecraft:tripwire_hook":13,"minecraft:green_concrete_powder":16,"minecraft:leather":2,"minecraft:pink_concrete_powder":169,"minecraft:gray_concrete":648,"minecraft:cyan_concrete_powder":104,"minecraft:light_gray_concrete_powder":49,"minecraft:gray_concrete_powder":88,"minecraft:glowstone_dust":90,"minecraft:powered_rail":3,"minecraft:scaffolding":3,"minecraft:pink_concrete":654,"minecraft:red_concrete_powder":563,"minecraft:lime_concrete":6,"minecraft:sand":49,"minecraft:dragon_egg":44,"minecraft:light_blue_concrete_powder":2757,"minecraft:light_gray_concrete":12,"minecraft:black_concrete_powder":38,"minecraft:white_concrete_powder":27,"minecraft:lever":5,"minecraft:birch_sign":3,"minecraft:damaged_anvil":1,"minecraft:red_concrete":624,"minecraft:purple_concrete_powder":95},"minecraft:killed":{"minecraft:bat":3}},"DataVersion":2586}