{"stats":{"minecraft:custom":{"minecraft:jump":8,"minecraft:time_since_rest":13876,"minecraft:play_one_minute":13876,"minecraft:crouch_one_cm":1,"minecraft:leave_game":3,"minecraft:sprint_one_cm":389,"minecraft:time_since_death":13876,"minecraft:walk_one_cm":587,"minecraft:sneak_time":1026,"minecraft:drop":1,"minecraft:fly_one_cm":229112},"minecraft:used":{"minecraft:birch_sign":5,"minecraft:glass":11,"minecraft:pumpkin":3,"minecraft:smooth_stone":15,"minecraft:melon":3},"minecraft:dropped":{"minecraft:smooth_stone":1}},"DataVersion":2586}