{"stats":{"minecraft:dropped":{"minecraft:anvil":110,"minecraft:dragon_egg":27,"minecraft:obsidian":1,"minecraft:slime_block":1,"minecraft:end_stone":1,"minecraft:sand":1,"minecraft:smooth_stone":4,"minecraft:redstone_block":1,"minecraft:pink_concrete_powder":12},"minecraft:picked_up":{"minecraft:anvil":2013,"minecraft:porkchop":17,"minecraft:sand":150,"minecraft:redstone":3,"minecraft:dragon_egg":10993,"minecraft:pink_concrete_powder":316,"minecraft:smooth_stone":1,"minecraft:redstone_torch":2},"minecraft:custom":{"minecraft:time_since_rest":100381,"minecraft:inspect_dropper":25,"minecraft:sprint_one_cm":7000,"minecraft:walk_one_cm":414858,"minecraft:interact_with_anvil":5,"minecraft:mob_kills":9,"minecraft:drop":37,"minecraft:inspect_hopper":14,"minecraft:interact_with_beacon":2,"minecraft:fly_one_cm":2238922,"minecraft:tune_noteblock":423,"minecraft:open_chest":5,"minecraft:play_one_minute":830753,"minecraft:crouch_one_cm":16618,"minecraft:open_shulker_box":9,"minecraft:walk_under_water_one_cm":1055,"minecraft:sneak_time":37480,"minecraft:boat_one_cm":4619,"minecraft:jump":304,"minecraft:leave_game":22,"minecraft:time_since_death":830727,"minecraft:walk_on_water_one_cm":7441,"minecraft:sleep_in_bed":1,"minecraft:climb_one_cm":7,"minecraft:inspect_dispenser":1},"minecraft:killed":{"minecraft:pig":8,"minecraft:ender_dragon":1},"minecraft:used":{"minecraft:redstone_torch":88,"minecraft:sticky_piston":174,"minecraft:glass":19,"minecraft:lever":9,"minecraft:piston":115,"minecraft:water_bucket":4,"minecraft:honey_block":60,"minecraft:activator_rail":3,"minecraft:pink_glazed_terracotta":90,"minecraft:dropper":9,"minecraft:powered_rail":23,"minecraft:redstone":164,"minecraft:slime_block":236,"minecraft:pig_spawn_egg":5,"minecraft:oak_sign":6,"minecraft:chest":12,"minecraft:redstone_block":141,"minecraft:end_stone_brick_slab":1,"minecraft:beacon":1,"minecraft:hopper_minecart":7,"minecraft:anvil":221,"minecraft:oak_leaves":16,"minecraft:repeater":100,"minecraft:pink_bed":1,"minecraft:pink_concrete":2,"minecraft:bow":80,"minecraft:dragon_egg":902,"minecraft:sand":46,"minecraft:redstone_lamp":6,"minecraft:comparator":6,"minecraft:pink_stained_glass":85,"minecraft:iron_trapdoor":19,"minecraft:hopper":21,"minecraft:scaffolding":28,"minecraft:birch_sign":5,"minecraft:crimson_door":4,"minecraft:sea_pickle":12,"minecraft:smooth_stone_slab":313,"minecraft:white_stained_glass":48,"minecraft:blue_ice":13,"minecraft:oak_boat":5,"minecraft:shulker_box":8,"minecraft:white_bed":5,"minecraft:stripped_oak_log":9,"minecraft:note_block":105,"minecraft:pink_concrete_powder":47,"minecraft:stone_brick_wall":8,"minecraft:observer":583,"minecraft:end_stone":44,"minecraft:smooth_stone":485,"minecraft:splash_potion":5,"minecraft:obsidian":19}},"DataVersion":2586}