{
  "minecraft:end/dragon_egg": {
    "criteria": {
      "dragon_egg": "2021-05-06 15:41:22 +0800"
    },
    "done": true
  },
  "minecraft:recipes/redstone/repeater": {
    "criteria": {
      "has_redstone_torch": "2021-05-07 14:20:57 +0800"
    },
    "done": true
  },
  "minecraft:end/root": {
    "criteria": {
      "entered_end": "2021-05-07 13:47:08 +0800"
    },
    "done": true
  },
  "minecraft:adventure/adventuring_time": {
    "criteria": {
      "minecraft:plains": "2021-05-06 15:40:00 +0800"
    },
    "done": false
  },
  "minecraft:story/enter_the_end": {
    "criteria": {
      "entered_end": "2021-05-07 13:47:08 +0800"
    },
    "done": true
  },
  "DataVersion": 2586
}