{
  "minecraft:end/dragon_egg": {
    "criteria": {
      "dragon_egg": "2021-08-07 18:03:07 +0800"
    },
    "done": true
  },
  "minecraft:end/root": {
    "criteria": {
      "entered_end": "2021-06-30 17:19:23 +0800"
    },
    "done": true
  },
  "minecraft:adventure/adventuring_time": {
    "criteria": {
      "minecraft:plains": "2021-08-09 16:47:59 +0800"
    },
    "done": false
  },
  "minecraft:story/enter_the_end": {
    "criteria": {
      "entered_end": "2021-06-30 17:19:23 +0800"
    },
    "done": true
  },
  "DataVersion": 2586
}