{"stats":{"minecraft:dropped":{"minecraft:piston":4},"minecraft:custom":{"minecraft:jump":21,"minecraft:time_since_rest":24833,"minecraft:crouch_one_cm":26,"minecraft:play_one_minute":24833,"minecraft:leave_game":3,"minecraft:sprint_one_cm":4582,"minecraft:time_since_death":24833,"minecraft:walk_one_cm":18370,"minecraft:sneak_time":1011,"minecraft:drop":4,"minecraft:fly_one_cm":273601},"minecraft:used":{"minecraft:white_stained_glass":1,"minecraft:sticky_piston":48,"minecraft:piston":745,"minecraft:lever":2,"minecraft:redstone_block":3,"minecraft:observer":6},"minecraft:picked_up":{"minecraft:piston":3,"minecraft:lever":2}},"DataVersion":2586}