{"stats":{"minecraft:dropped":{"minecraft:spruce_leaves":1,"minecraft:redstone_torch":1,"minecraft:note_block":1,"minecraft:jungle_leaves":1,"minecraft:glass":1,"minecraft:pink_bed":1,"minecraft:stone_button":2,"minecraft:light_gray_concrete_powder":64,"minecraft:white_stained_glass":1,"minecraft:redstone":3,"minecraft:stick":1},"minecraft:picked_up":{"minecraft:light_gray_concrete_powder":64,"minecraft:redstone_torch":1,"minecraft:redstone":1},"minecraft:used":{"minecraft:glass":2,"minecraft:spruce_leaves":90,"minecraft:pink_bed":1,"minecraft:jungle_leaves":32,"minecraft:redstone":2,"minecraft:white_stained_glass":28,"minecraft:stone_button":13,"minecraft:note_block":1},"minecraft:custom":{"minecraft:time_since_rest":38948,"minecraft:crouch_one_cm":89,"minecraft:play_one_minute":46437,"minecraft:deaths":2,"minecraft:damage_taken":280,"minecraft:walk_one_cm":24204,"minecraft:sneak_time":2222,"minecraft:drop":14,"minecraft:jump":16,"minecraft:leave_game":2,"minecraft:walk_on_water_one_cm":93,"minecraft:time_since_death":38919,"minecraft:tune_noteblock":1,"minecraft:fly_one_cm":462062}},"DataVersion":2586}