{"stats":{"minecraft:killed":{"minecraft:bat":3},"minecraft:dropped":{"minecraft:piston":2,"minecraft:red_concrete_powder":32,"minecraft:porkchop":9,"minecraft:birch_leaves":1,"minecraft:minecart":1,"minecraft:lime_concrete_powder":1,"minecraft:stripped_birch_wood":1,"minecraft:lead":1,"minecraft:observer":3,"minecraft:leather":2,"minecraft:light_blue_concrete_powder":152,"minecraft:purpur_stairs":1,"minecraft:stick":4,"minecraft:end_rod":2,"minecraft:gray_concrete":6,"minecraft:stone_button":6,"minecraft:repeater":1,"minecraft:orange_concrete_powder":1,"minecraft:sand":29,"minecraft:smooth_stone":6,"minecraft:cactus":1,"minecraft:white_wool":2,"minecraft:redstone_block":6,"minecraft:redstone":51,"minecraft:note_block":5,"minecraft:anvil":68,"minecraft:gray_stained_glass":1,"minecraft:lever":1,"minecraft:oak_trapdoor":1,"minecraft:pink_bed":1,"minecraft:detector_rail":1,"minecraft:smooth_stone_slab":4,"minecraft:sticky_piston":1,"minecraft:obsidian":5,"minecraft:slime_block":1,"minecraft:end_stone":1,"minecraft:damaged_anvil":1,"minecraft:oak_fence_gate":2,"minecraft:end_stone_brick_stairs":1,"minecraft:dragon_egg":10,"minecraft:honey_block":1,"minecraft:hopper":2,"minecraft:glowstone":1,"minecraft:stone_brick_wall":2,"minecraft:chest":3,"minecraft:redstone_torch":1,"minecraft:birch_sign":8,"minecraft:gray_concrete_powder":2,"minecraft:red_sand":57,"minecraft:glass":1,"minecraft:scaffolding":1,"minecraft:green_concrete_powder":1,"minecraft:white_concrete_powder":1,"minecraft:white_stained_glass":14,"minecraft:light_gray_concrete_powder":1,"minecraft:pink_concrete_powder":9},"minecraft:used":{"minecraft:oak_trapdoor":75,"minecraft:oak_fence":7,"minecraft:jack_o_lantern":1,"minecraft:orange_concrete_powder":6,"minecraft:netherite_sword":2,"minecraft:red_sand":42,"minecraft:enchanting_table":3,"minecraft:dispenser":11,"minecraft:redstone":258,"minecraft:oak_sign":3,"minecraft:white_concrete_powder":4,"minecraft:chest":57,"minecraft:quartz_stairs":5,"minecraft:stripped_birch_wood":12,"minecraft:bell":2,"minecraft:oak_door":24,"minecraft:end_stone_brick_wall":43,"minecraft:dragon_egg":98,"minecraft:dirt":5,"minecraft:anvil":548,"minecraft:target":27,"minecraft:hopper":15,"minecraft:pink_carpet":6,"minecraft:oak_fence_gate":12,"minecraft:obsidian":327,"minecraft:shroomlight":5,"minecraft:glass":131,"minecraft:honey_block":87,"minecraft:chipped_anvil":2,"minecraft:slime_block":234,"minecraft:gray_concrete_powder":17,"minecraft:yellow_concrete_powder":7,"minecraft:bedrock":23,"minecraft:birch_trapdoor":68,"minecraft:tripwire_hook":43,"minecraft:repeater":115,"minecraft:glowstone":151,"minecraft:redstone_lamp":1,"minecraft:iron_trapdoor":14,"minecraft:scaffolding":99,"minecraft:podzol":5,"minecraft:minecart":1,"minecraft:cyan_concrete_powder":3,"minecraft:trapped_chest":11,"minecraft:skeleton_skull":7,"minecraft:pink_concrete_powder":102,"minecraft:end_stone_brick_stairs":63,"minecraft:observer":1056,"minecraft:brown_concrete_powder":3,"minecraft:water_bucket":74,"minecraft:end_rod":9,"minecraft:end_stone_bricks":25,"minecraft:dropper":13,"minecraft:stripped_birch_log":5,"minecraft:birch_leaves":65,"minecraft:powered_rail":49,"minecraft:lime_concrete_powder":57,"minecraft:redstone_block":358,"minecraft:blue_concrete_powder":3,"minecraft:spruce_sign":1,"minecraft:cauldron":5,"minecraft:red_glazed_terracotta":66,"minecraft:smooth_quartz_stairs":4,"minecraft:oak_leaves":1,"minecraft:white_wool":29,"minecraft:sand":664,"minecraft:purpur_stairs":11,"minecraft:comparator":5,"minecraft:tnt":4,"minecraft:red_mushroom":2,"minecraft:birch_sign":68,"minecraft:blue_ice":30,"minecraft:campfire":1,"minecraft:light_gray_concrete_powder":17,"minecraft:note_block":215,"minecraft:stone_brick_wall":60,"minecraft:gray_concrete":19,"minecraft:black_concrete_powder":2,"minecraft:end_stone":40,"minecraft:purple_concrete_powder":11,"minecraft:birch_fence":1,"minecraft:redstone_torch":22,"minecraft:sticky_piston":384,"minecraft:dead_fire_coral_fan":4,"minecraft:piston":202,"minecraft:lever":37,"minecraft:ender_eye":15,"minecraft:diamond_shovel":1,"minecraft:birch_fence_gate":113,"minecraft:string":25,"minecraft:stone_button":43,"minecraft:detector_rail":1,"minecraft:white_glazed_terracotta":3,"minecraft:magenta_concrete_powder":6,"minecraft:iron_door":9,"minecraft:pink_bed":4,"minecraft:light_blue_concrete_powder":66,"minecraft:red_concrete_powder":39,"minecraft:grindstone":19,"minecraft:white_stained_glass":930,"minecraft:green_concrete_powder":3,"minecraft:bucket":35,"minecraft:glass_pane":76,"minecraft:smooth_stone_slab":287,"minecraft:end_portal_frame":19,"minecraft:smooth_stone":977,"minecraft:bone_meal":3,"minecraft:gray_stained_glass":1},"minecraft:picked_up":{"minecraft:light_blue_concrete":682,"minecraft:redstone_block":4,"minecraft:anvil":79,"minecraft:lead":1,"minecraft:string":3,"minecraft:sticky_piston":2,"minecraft:white_stained_glass":4,"minecraft:orange_concrete_powder":71,"minecraft:red_sand":56,"minecraft:smooth_stone":3,"minecraft:redstone_torch":2,"minecraft:piston":2,"minecraft:magenta_concrete_powder":22,"minecraft:oak_door":1,"minecraft:note_block":1,"minecraft:porkchop":9,"minecraft:stone_button":2,"minecraft:brown_concrete_powder":24,"minecraft:redstone":57,"minecraft:yellow_concrete_powder":67,"minecraft:blue_concrete_powder":21,"minecraft:lime_concrete_powder":88,"minecraft:repeater":6,"minecraft:tripwire_hook":13,"minecraft:green_concrete_powder":16,"minecraft:leather":2,"minecraft:pink_concrete_powder":169,"minecraft:gray_concrete":648,"minecraft:cyan_concrete_powder":104,"minecraft:light_gray_concrete_powder":49,"minecraft:gray_concrete_powder":88,"minecraft:glowstone_dust":90,"minecraft:powered_rail":3,"minecraft:scaffolding":3,"minecraft:pink_concrete":654,"minecraft:red_concrete_powder":541,"minecraft:lime_concrete":6,"minecraft:sand":45,"minecraft:dragon_egg":13,"minecraft:light_blue_concrete_powder":2757,"minecraft:light_gray_concrete":12,"minecraft:black_concrete_powder":38,"minecraft:white_concrete_powder":27,"minecraft:lever":5,"minecraft:birch_sign":3,"minecraft:damaged_anvil":1,"minecraft:red_concrete":624,"minecraft:purple_concrete_powder":95},"minecraft:custom":{"minecraft:inspect_dropper":4,"minecraft:interact_with_anvil":7,"minecraft:mob_kills":3,"minecraft:inspect_hopper":5,"minecraft:fill_cauldron":5,"minecraft:bell_ring":1,"minecraft:leave_game":37,"minecraft:time_since_death":18247,"minecraft:climb_one_cm":4638,"minecraft:sprint_one_cm":41835,"minecraft:walk_one_cm":2201341,"minecraft:drop":193,"minecraft:deaths":6,"minecraft:sneak_time":85674,"minecraft:walk_under_water_one_cm":36614,"minecraft:jump":826,"minecraft:walk_on_water_one_cm":224807,"minecraft:tune_noteblock":135,"minecraft:play_one_minute":2316121,"minecraft:interact_with_grindstone":1,"minecraft:sleep_in_bed":3,"minecraft:time_since_rest":18274,"minecraft:damage_dealt":200,"minecraft:fly_one_cm":28673446,"minecraft:open_chest":2,"minecraft:crouch_one_cm":4143,"minecraft:inspect_dispenser":14}},"DataVersion":2586}