{"stats":{"minecraft:dropped":{"minecraft:lever":1,"minecraft:repeater":5,"minecraft:sticky_piston":1,"minecraft:powered_rail":1},"minecraft:picked_up":{"minecraft:redstone_block":4,"minecraft:repeater":3,"minecraft:tripwire_hook":1,"minecraft:redstone":1,"minecraft:pink_concrete_powder":263,"minecraft:sticky_piston":1,"minecraft:red_sand":1084,"minecraft:powered_rail":1},"minecraft:custom":{"minecraft:time_since_rest":240292,"minecraft:inspect_dropper":7,"minecraft:walk_one_cm":3138,"minecraft:drop":8,"minecraft:tune_noteblock":3,"minecraft:fly_one_cm":674917,"minecraft:play_one_minute":240292,"minecraft:sneak_time":10994,"minecraft:walk_under_water_one_cm":20117,"minecraft:jump":50,"minecraft:leave_game":2,"minecraft:time_since_death":240289,"minecraft:walk_on_water_one_cm":45798,"minecraft:climb_one_cm":184,"minecraft:inspect_dispenser":1},"minecraft:used":{"minecraft:redstone_torch":13,"minecraft:glass":10,"minecraft:sticky_piston":65,"minecraft:dead_fire_coral_fan":6,"minecraft:lever":8,"minecraft:piston":66,"minecraft:water_bucket":16,"minecraft:iron_bars":2,"minecraft:birch_fence_gate":2,"minecraft:dropper":1,"minecraft:powered_rail":2,"minecraft:dispenser":1,"minecraft:slime_block":42,"minecraft:redstone":38,"minecraft:string":1,"minecraft:oak_sign":38,"minecraft:redstone_block":27,"minecraft:composter":1,"minecraft:iron_door":9,"minecraft:pink_bed":2,"minecraft:tripwire_hook":5,"minecraft:end_stone_brick_wall":14,"minecraft:repeater":51,"minecraft:target":10,"minecraft:tnt":7,"minecraft:iron_trapdoor":2,"minecraft:scaffolding":4,"minecraft:white_stained_glass":91,"minecraft:bucket":3,"minecraft:stone_stairs":30,"minecraft:note_block":10,"minecraft:pink_concrete_powder":88,"minecraft:observer":138,"minecraft:smooth_stone":119,"minecraft:oak_fence_gate":11,"minecraft:obsidian":197}},"DataVersion":2586}