{"stats":{"minecraft:used":{"minecraft:oak_trapdoor":33,"minecraft:orange_concrete_powder":8,"minecraft:water_bucket":87,"minecraft:iron_bars":10,"minecraft:dropper":4,"minecraft:red_concrete":5,"minecraft:dispenser":5,"minecraft:powered_rail":14,"minecraft:redstone":167,"minecraft:oak_sign":74,"minecraft:lime_concrete_powder":9,"minecraft:white_concrete_powder":9,"minecraft:chest":33,"minecraft:redstone_block":110,"minecraft:composter":1,"minecraft:blue_concrete_powder":9,"minecraft:cauldron":4,"minecraft:oak_leaves":10,"minecraft:pink_concrete":36,"minecraft:white_wool":54,"minecraft:end_stone_brick_wall":18,"minecraft:anvil":8,"minecraft:target":64,"minecraft:comparator":7,"minecraft:tnt":14,"minecraft:hopper":36,"minecraft:stone_stairs":53,"minecraft:blue_ice":88,"minecraft:light_gray_concrete_powder":8,"minecraft:note_block":107,"minecraft:gray_concrete":1,"minecraft:black_concrete_powder":9,"minecraft:obsidian":790,"minecraft:oak_fence_gate":48,"minecraft:purple_concrete_powder":5,"minecraft:redstone_torch":34,"minecraft:glass":11,"minecraft:sticky_piston":211,"minecraft:dead_fire_coral_fan":16,"minecraft:lever":28,"minecraft:honey_block":10,"minecraft:piston":190,"minecraft:birch_fence_gate":3,"minecraft:light_gray_concrete":130,"minecraft:string":14,"minecraft:slime_block":154,"minecraft:stone_button":35,"minecraft:magenta_concrete_powder":9,"minecraft:gray_concrete_powder":1,"minecraft:iron_door":30,"minecraft:yellow_concrete_powder":5,"minecraft:pink_bed":2,"minecraft:birch_trapdoor":3,"minecraft:tripwire_hook":32,"minecraft:redstone_lamp":1,"minecraft:glowstone":110,"minecraft:repeater":156,"minecraft:light_blue_concrete_powder":11,"minecraft:bow":12,"minecraft:iron_trapdoor":7,"minecraft:scaffolding":81,"minecraft:red_concrete_powder":38,"minecraft:white_stained_glass_pane":18,"minecraft:white_stained_glass":1155,"minecraft:bucket":3,"minecraft:glass_pane":13,"minecraft:smooth_stone_slab":17,"minecraft:cyan_concrete_powder":2,"minecraft:sea_pickle":5,"minecraft:stripped_oak_log":7,"minecraft:pink_concrete_powder":121,"minecraft:end_stone_brick_stairs":43,"minecraft:observer":787,"minecraft:smooth_stone":531},"minecraft:picked_up":{"minecraft:light_blue_concrete":55,"minecraft:redstone_block":6,"minecraft:repeater":8,"minecraft:tripwire_hook":2,"minecraft:blue_concrete":28,"minecraft:cyan_concrete_powder":27,"minecraft:gray_concrete":5,"minecraft:pink_concrete_powder":667,"minecraft:string":2,"minecraft:gray_concrete_powder":14,"minecraft:light_gray_concrete_powder":1566,"minecraft:orange_concrete":47,"minecraft:sticky_piston":1,"minecraft:white_stained_glass":3,"minecraft:orange_concrete_powder":195,"minecraft:red_sand":1084,"minecraft:observer":1,"minecraft:powered_rail":1,"minecraft:glowstone_dust":48,"minecraft:cyan_concrete":5,"minecraft:chest":9,"minecraft:piston":1,"minecraft:purple_concrete":20,"minecraft:pink_concrete":96,"minecraft:magenta_concrete_powder":241,"minecraft:red_concrete_powder":264,"minecraft:yellow_concrete":25,"minecraft:lime_concrete":16,"minecraft:target":2,"minecraft:redstone":8,"minecraft:yellow_concrete_powder":81,"minecraft:light_blue_concrete_powder":272,"minecraft:blue_concrete_powder":73,"minecraft:light_gray_concrete":1365,"minecraft:black_concrete_powder":268,"minecraft:white_concrete_powder":218,"minecraft:black_concrete":50,"minecraft:white_concrete":53,"minecraft:magenta_concrete":41,"minecraft:red_concrete":53,"minecraft:purple_concrete_powder":83,"minecraft:lime_concrete_powder":87},"minecraft:custom":{"minecraft:inspect_dropper":10,"minecraft:inspect_hopper":6,"minecraft:tune_noteblock":177,"minecraft:fill_cauldron":1,"minecraft:play_one_minute":1225078,"minecraft:leave_game":8,"minecraft:time_since_death":1225063,"minecraft:climb_one_cm":678,"minecraft:time_since_rest":1225078,"minecraft:sprint_one_cm":5005,"minecraft:walk_one_cm":28935,"minecraft:drop":43,"minecraft:fly_one_cm":3563489,"minecraft:open_chest":2,"minecraft:crouch_one_cm":3689,"minecraft:sneak_time":51303,"minecraft:walk_under_water_one_cm":41693,"minecraft:jump":299,"minecraft:walk_on_water_one_cm":166326,"minecraft:inspect_dispenser":8},"minecraft:dropped":{"minecraft:pink_concrete":8,"minecraft:red_concrete_powder":1,"minecraft:lever":1,"minecraft:sticky_piston":1,"minecraft:obsidian":2,"minecraft:stick":1,"minecraft:gray_concrete":1,"minecraft:stone_button":2,"minecraft:repeater":7,"minecraft:glowstone":1,"minecraft:chest":9,"minecraft:redstone_torch":1,"minecraft:powered_rail":1,"minecraft:light_gray_concrete_powder":232,"minecraft:string":1,"minecraft:white_stained_glass":5,"minecraft:redstone":1}},"DataVersion":2586}