{"stats":{"minecraft:used":{"minecraft:water_bucket":4,"minecraft:ender_eye":24,"minecraft:packed_ice":1,"minecraft:sand":1,"minecraft:iron_trapdoor":5,"minecraft:white_stained_glass":232,"minecraft:cactus":1,"minecraft:oak_sign":1,"minecraft:end_portal_frame":30,"minecraft:blue_ice":1,"minecraft:stone_pressure_plate":2,"minecraft:oak_fence_gate":1,"minecraft:obsidian":15},"minecraft:picked_up":{"minecraft:tripwire_hook":2,"minecraft:torch":2,"minecraft:red_sand":21,"minecraft:stone_button":2,"minecraft:stone_pressure_plate":2},"minecraft:dropped":{"minecraft:stone_pressure_plate":1,"minecraft:slime_block":1,"minecraft:stone_button":2,"minecraft:tripwire_hook":2,"minecraft:honey_block":1},"minecraft:custom":{"minecraft:time_since_rest":72520,"minecraft:crouch_one_cm":279,"minecraft:play_one_minute":72520,"minecraft:sprint_one_cm":3581,"minecraft:walk_one_cm":3211,"minecraft:sneak_time":1547,"minecraft:walk_under_water_one_cm":1533,"minecraft:drop":7,"minecraft:jump":104,"minecraft:leave_game":8,"minecraft:walk_on_water_one_cm":1982,"minecraft:time_since_death":72513,"minecraft:fly_one_cm":385566}},"DataVersion":2584}