{"stats":{"minecraft:dropped":{"minecraft:note_block":3,"minecraft:anvil":1,"minecraft:porkchop":9,"minecraft:lever":1,"minecraft:obsidian":1,"minecraft:lead":1,"minecraft:observer":2,"minecraft:leather":2,"minecraft:end_stone":1,"minecraft:light_blue_concrete_powder":19,"minecraft:stone_button":2,"minecraft:dragon_egg":8,"minecraft:stone_brick_wall":1,"minecraft:glowstone":1,"minecraft:birch_sign":1,"minecraft:red_sand":3,"minecraft:cactus":1,"minecraft:smooth_stone":3,"minecraft:white_concrete_powder":1,"minecraft:scaffolding":1,"minecraft:white_stained_glass":2,"minecraft:pink_concrete_powder":1,"minecraft:redstone":2},"minecraft:custom":{"minecraft:interact_with_anvil":1,"minecraft:inspect_hopper":2,"minecraft:tune_noteblock":25,"minecraft:fill_cauldron":3,"minecraft:play_one_minute":368163,"minecraft:leave_game":6,"minecraft:time_since_death":47837,"minecraft:sleep_in_bed":2,"minecraft:climb_one_cm":1032,"minecraft:time_since_rest":47864,"minecraft:sprint_one_cm":6921,"minecraft:walk_one_cm":19819,"minecraft:drop":51,"minecraft:fly_one_cm":4250942,"minecraft:open_chest":1,"minecraft:crouch_one_cm":1069,"minecraft:deaths":1,"minecraft:sneak_time":15904,"minecraft:walk_under_water_one_cm":4796,"minecraft:jump":183,"minecraft:walk_on_water_one_cm":30972},"minecraft:used":{"minecraft:oak_trapdoor":31,"minecraft:orange_concrete_powder":2,"minecraft:water_bucket":31,"minecraft:jack_o_lantern":1,"minecraft:red_sand":24,"minecraft:end_stone_bricks":4,"minecraft:redstone":58,"minecraft:powered_rail":20,"minecraft:white_concrete_powder":2,"minecraft:lime_concrete_powder":14,"minecraft:chest":29,"minecraft:blue_concrete_powder":2,"minecraft:redstone_block":37,"minecraft:cauldron":3,"minecraft:red_glazed_terracotta":2,"minecraft:smooth_quartz_stairs":2,"minecraft:oak_leaves":1,"minecraft:white_wool":1,"minecraft:end_stone_brick_wall":40,"minecraft:dragon_egg":27,"minecraft:dirt":5,"minecraft:sand":18,"minecraft:anvil":36,"minecraft:comparator":3,"minecraft:tnt":3,"minecraft:hopper":1,"minecraft:red_mushroom":2,"minecraft:birch_sign":18,"minecraft:blue_ice":8,"minecraft:light_gray_concrete_powder":8,"minecraft:note_block":46,"minecraft:stone_brick_wall":12,"minecraft:black_concrete_powder":1,"minecraft:end_stone":34,"minecraft:oak_fence_gate":4,"minecraft:purple_concrete_powder":2,"minecraft:obsidian":248,"minecraft:shroomlight":5,"minecraft:sticky_piston":88,"minecraft:redstone_torch":6,"minecraft:glass":11,"minecraft:dead_fire_coral_fan":3,"minecraft:piston":64,"minecraft:lever":5,"minecraft:ender_eye":15,"minecraft:honey_block":8,"minecraft:birch_fence_gate":23,"minecraft:slime_block":47,"minecraft:string":13,"minecraft:stone_button":10,"minecraft:magenta_concrete_powder":2,"minecraft:gray_concrete_powder":2,"minecraft:iron_door":5,"minecraft:yellow_concrete_powder":3,"minecraft:pink_bed":2,"minecraft:tripwire_hook":31,"minecraft:glowstone":87,"minecraft:repeater":39,"minecraft:light_blue_concrete_powder":26,"minecraft:scaffolding":24,"minecraft:red_concrete_powder":2,"minecraft:podzol":5,"minecraft:white_stained_glass":639,"minecraft:green_concrete_powder":2,"minecraft:glass_pane":6,"minecraft:cyan_concrete_powder":1,"minecraft:smooth_stone_slab":4,"minecraft:end_portal_frame":19,"minecraft:pink_concrete_powder":26,"minecraft:end_stone_brick_stairs":44,"minecraft:observer":188,"minecraft:smooth_stone":235,"minecraft:bone_meal":3,"minecraft:brown_concrete_powder":2},"minecraft:picked_up":{"minecraft:light_blue_concrete":52,"minecraft:redstone_block":3,"minecraft:repeater":5,"minecraft:tripwire_hook":13,"minecraft:leather":2,"minecraft:lead":1,"minecraft:pink_concrete_powder":70,"minecraft:string":3,"minecraft:sticky_piston":2,"minecraft:red_sand":3,"minecraft:smooth_stone":3,"minecraft:glowstone_dust":90,"minecraft:piston":2,"minecraft:scaffolding":2,"minecraft:pink_concrete":12,"minecraft:lime_concrete":6,"minecraft:note_block":1,"minecraft:porkchop":9,"minecraft:redstone":4,"minecraft:dragon_egg":8,"minecraft:light_blue_concrete_powder":2518,"minecraft:light_gray_concrete":12,"minecraft:white_concrete_powder":1,"minecraft:lever":2,"minecraft:birch_sign":1}},"DataVersion":2586}