{"stats":{"minecraft:custom":{"minecraft:play_one_minute":99983,"minecraft:time_since_rest":99983,"minecraft:crouch_one_cm":133,"minecraft:sprint_one_cm":160,"minecraft:walk_one_cm":5275,"minecraft:sneak_time":4461,"minecraft:drop":13,"minecraft:jump":28,"minecraft:leave_game":11,"minecraft:time_since_death":99983,"minecraft:fly_one_cm":2171776},"minecraft:used":{"minecraft:netherrack":3,"minecraft:sticky_piston":13,"minecraft:glass":41,"minecraft:piston":22,"minecraft:anvil":12,"minecraft:ancient_debris":14,"minecraft:flint_and_steel":2,"minecraft:command_block":1,"minecraft:slime_block":90,"minecraft:birch_sign":6,"minecraft:redstone_block":45,"minecraft:observer":20,"minecraft:smooth_stone":30,"minecraft:red_glazed_terracotta":48,"minecraft:obsidian":31},"minecraft:dropped":{"minecraft:red_glazed_terracotta":1,"minecraft:observer":3,"minecraft:slime_block":3,"minecraft:piston":1,"minecraft:smooth_stone":1,"minecraft:sticky_piston":3,"minecraft:stick":1}},"DataVersion":2586}