{"stats":{"minecraft:used":{"minecraft:glass":12,"minecraft:tnt":13,"minecraft:slime_block":22,"minecraft:birch_sign":11,"minecraft:white_stained_glass":40,"minecraft:blackstone":36,"minecraft:note_block":1,"minecraft:observer":1},"minecraft:custom":{"minecraft:time_since_rest":27134,"minecraft:crouch_one_cm":62,"minecraft:play_time":27235,"minecraft:sprint_one_cm":1613,"minecraft:deaths":1,"minecraft:damage_taken":280,"minecraft:walk_one_cm":984,"minecraft:sneak_time":837,"minecraft:drop":6,"minecraft:jump":19,"minecraft:leave_game":3,"minecraft:time_since_death":26361,"minecraft:total_world_time":29462,"minecraft:tune_noteblock":7,"minecraft:fly_one_cm":586837},"minecraft:dropped":{"minecraft:birch_sign":4,"minecraft:white_stained_glass":1,"minecraft:stick":1}},"DataVersion":2975}